{
  "loss": 0.7269598930440051,
  "accuracy": 0.7456666666666667,
  "precision": 0.7468605872455271,
  "recall": 0.7456666666666667,
  "f1": 0.745352841422454
}